played_at,track_id,track,artists,album,duration_ms,image,artist_ids
2026-09-27T05:19:39Z,58w5J5yNWeGZ7a4cM1rO7Y,Swalla (feat. Nicki Minaj & Ty Dolla $ign),Jason Derulo / Nicki Minaj / Ty Dolla $ign,Nu King,216408,https://i.scdn.co/image/ab67616d00001e02e61bf150469db99447be6206,07YZf4WDAMNwqr4jfgOZ8y / 0hCNtLu0JehylgoiP8L4Gh / 7c0XG5cIJTrrAgEC3ULPiq
2026-09-27T05:23:48Z,4qULqxfCRhJAXVc75UupQB,No Broken Hearts (feat. Nicki Minaj),Bebe Rexha / Nicki Minaj,No Broken Hearts (feat. Nicki Minaj),239991,https://i.scdn.co/image/ab67616d00001e02a9e375d2bf1f6d5b1145fd26,64M6ah0SkkRsnPGtGiRAbb / 0hCNtLu0JehylgoiP8L4Gh
2026-09-27T05:26:29Z,2TJ5ei0GrErhEdAwWITbgd,Out of My Mind (feat. Nicki Minaj),B.o.B / Nicki Minaj,Strange Clouds,222960,https://i.scdn.co/image/ab67616d00001e02a191830c8b300bc71c2faac7,5ndkK3dpZLKtBklKjxNQwT / 0hCNtLu0JehylgoiP8L4Gh
2026-09-27T06:23:43Z,2TJ5ei0GrErhEdAwWITbgd,Out of My Mind (feat. Nicki Minaj),B.o.B / Nicki Minaj,Strange Clouds,222960,https://i.scdn.co/image/ab67616d00001e02a191830c8b300bc71c2faac7,5ndkK3dpZLKtBklKjxNQwT / 0hCNtLu0JehylgoiP8L4Gh
2026-09-27T06:25:54Z,5CCr8msaN3MhgqBoa9yWhH,Boy's a liar Pt. 2,PinkPantheress / Ice Spice,Heaven knows,131013,https://i.scdn.co/image/ab67616d00001e0215a9d5a02103c2d683c07fb4,78rUTD7y6Cy67W1RVzYs7t / 3LZZPxNDGDFVSIPqf4JuEf
2026-09-27T06:29:43Z,6QFCMUUq1T2Vf5sFUXcuQ7,Beauty And A Beat,Justin Bieber / Nicki Minaj,Believe,227986,https://i.scdn.co/image/ab67616d00001e02f1d02a6cec967f8b6b78f76e,1uNFoZAHBGtllmzznpCI3s / 0hCNtLu0JehylgoiP8L4Gh
2026-09-27T06:33:18Z,67NbegQzVSnoa9wYgknJ51,Break Free,Ariana Grande / Zedd,My Everything,214840,https://i.scdn.co/image/ab67616d00001e0246d1ba2fae86b9c5702533e7,66CXWjxzNUsdJxJ2JdwvnR / 2qxJFvFYMEDqd7ui6kSAcq
2026-09-27T06:36:33Z,3YC7VDvG4rwd5NDHzFG6Ig,Where Them Girls At (feat. Nicki Minaj & Flo Rida),David Guetta / Flo Rida / Nicki Minaj,Nothing but the Beat Ultimate,194840,https://i.scdn.co/image/ab67616d00001e02d677e549898800ec72665ac4,1Cs0zKBU1kc0i8ypK3B9ai / 0jnsk9HBra6NMjO2oANoPY / 0hCNtLu0JehylgoiP8L4Gh
2026-09-27T06:41:13Z,6Poyf51k7W3NKnsGwAI90B,Barbie Dreams,Nicki Minaj,Queen,279866,https://i.scdn.co/image/ab67616d00001e02540ab7c149079184e8724dc4,0hCNtLu0JehylgoiP8L4Gh
2026-09-27T06:44:25Z,2uTU9SecXbXbFLGtqKLCs6,Like A Star (feat. Nicki Minaj),Fetty Wap / Nicki Minaj,Like A Star (feat. Nicki Minaj),191143,https://i.scdn.co/image/ab67616d00001e023830866ee38b27c10773df48,6PXS4YHDkKvl1wkIl4V8DL / 0hCNtLu0JehylgoiP8L4Gh
2026-09-27T06:47:37Z,3PFGcoRq3VO4r9Ylm8oHNp,Drop It Low,Ester Dean / Chris Brown,Twerk,191826,https://i.scdn.co/image/ab67616d00001e0234164986ad27f32bcf446df5,0v2Y5jwtcv8LiWNTRls1KM / 7bXgB6jMjp9ATFy66eO08Z
2026-09-27T06:51:52Z,5I30ByMf5nhgbSokY1EZiN,Anybody (feat. Nicki Minaj),Young Thug / Nicki Minaj,Hear No Evil,254946,https://i.scdn.co/image/ab67616d00001e02c30e3fe7ac8b94aa3d803fd1,50co4Is1HCEo8bhOyUWKpn / 0hCNtLu0JehylgoiP8L4Gh
2026-09-27T06:55:29Z,41bmnQZoDMQdDh5zyomtW7,Endless Fashion (feat. Nicki Minaj),Lil Uzi Vert / Nicki Minaj,Pink Tape,216703,https://i.scdn.co/image/ab67616d00001e02d7f97f84ffeaf2077813ef24,4O15NlyKLIASxsJ0PrXPfz / 0hCNtLu0JehylgoiP8L4Gh
2026-09-27T06:59:38Z,1lEIT08AUU67qef6MkKAKx,Obsessed (feat. Mariah Carey),Gucci Mane / Mariah Carey,The Gooch,248555,https://i.scdn.co/image/ab67616d00001e02c857ec9d7bac0845956d10fe,13y7CgLHjMVRMDqxdx0Xdo / 4iHNK0tOyZPYnBU7nGAgpQ
2026-09-27T07:03:30Z,5tqyZmF6uEoTkD6ja7KZjv,Wop (Official Version),J. Dash,Tabloid Truth,231714,https://i.scdn.co/image/ab67616d00001e0286dfb4764c678c1a7cb1ffc0,6bsEozzA1CHU0TIq2DXDxq
2026-09-27T07:07:01Z,4AiGz7pTyLXBHjniRuioaw,Starships,Nicki Minaj,Pink Friday: Roman Reloaded The Re-Up,210626,https://i.scdn.co/image/ab67616d00001e02fa2a62fe48c2c929c834c084,0hCNtLu0JehylgoiP8L4Gh
2026-09-27T07:10:36Z,6epn3r7S14KUqlReYr77hA,Baby,Justin Bieber / Ludacris,My World 2.0,214240,https://i.scdn.co/image/ab67616d00001e02629dc9e2e3bc20bbd7d92e4a,1uNFoZAHBGtllmzznpCI3s / 3ipn9JLAPI5GUEo4y4jcoi
2026-09-27T07:15:08Z,60wwxj6Dd9NJlirf84wr2c,Clarity,Zedd / Foxes,Clarity,271426,https://i.scdn.co/image/ab67616d00001e02941dd3b3343d9cb9329d37bf,2qxJFvFYMEDqd7ui6kSAcq / 7qRll6DYV06u2VuRPAVqug
2026-09-27T07:18:28Z,147cPSrfbVwgqnByGQTv4N,Turn Me On (feat. Nicki Minaj),David Guetta / Nicki Minaj,Nothing but the Beat Ultimate,199680,https://i.scdn.co/image/ab67616d00001e02d677e549898800ec72665ac4,1Cs0zKBU1kc0i8ypK3B9ai / 0hCNtLu0JehylgoiP8L4Gh
2026-09-27T07:21:40Z,4fINc8dnfcz7AdhFYVA4i7,It Girl,Jason Derulo,Future History (Deluxe Edition),192200,https://i.scdn.co/image/ab67616d00001e0281541b43fcbc56488853de26,07YZf4WDAMNwqr4jfgOZ8y
2026-09-27T07:25:03Z,3xIzkKqp7oe37NEVrcPjGS,TROLLZ,6ix9ine / Nicki Minaj,TattleTales,202666,https://i.scdn.co/image/ab67616d00001e0208c1c9cba7dc84118976e66d,7gZfnEnfiaHzxARJ2LeXrf / 0hCNtLu0JehylgoiP8L4Gh
2026-09-27T07:29:05Z,0tb8Qcd3O151anQyXzPOOU,Alone (with Nicki Minaj) - Extended,Kim Petras / Nicki Minaj,Alone,241458,https://i.scdn.co/image/ab67616d00001e02a23a68d9a8f590cf8c38cd0d,3Xt3RrJMFv5SZkCfUE8C1J / 0hCNtLu0JehylgoiP8L4Gh
2026-09-27T07:32:17Z,1e4rwBPVI32vZtTJu7mJ4J,Chun-Li,Nicki Minaj,Queen,191600,https://i.scdn.co/image/ab67616d00001e02540ab7c149079184e8724dc4,0hCNtLu0JehylgoiP8L4Gh
2026-09-27T07:36:27Z,1IAzD1muglOxOcPbUHs70R,Whatever You Like,T.I.,Paper Trail,249533,https://i.scdn.co/image/ab67616d00001e02b6d4478c6f91f1cb2d326c78,4OBJLual30L7gRl5UkeRcT
2026-09-27T07:40:36Z,4q57oGT90FfPHf7vWp32Ho,Judas,Lady Gaga,Born This Way (Japan Special Edition Version),249066,https://i.scdn.co/image/ab67616d00001e026d2bc35812c2d7f67d110e48,1HY2Jd0NmPuamShAr6KMms
2026-09-27T07:44:44Z,57kR5SniQIbsbVoIjjOUDa,You Know You Like It,DJ Snake / AlunaGeorge,You Know You Like It,247266,https://i.scdn.co/image/ab67616d00001e02567a71695181017949f14f99,540vIaP2JwjQb9dm3aArA4 / 2VAnyOxzJuSAj7XIuEOT38
2026-09-27T07:59:35Z,6pISryCxMLYvUhXdntY9yW,"Low (feat. Nicki Minaj, Lil Bibby & Young Thug)",Juicy J / Nicki Minaj / Lil Bibby / Young Thug,"Low (feat. Nicki Minaj, Lil Bibby & Young Thug)",238600,https://i.scdn.co/image/ab67616d00001e02473c13992ba7f3f5d6f68b40,5gCRApTajqwbnHHPbr2Fpi / 0hCNtLu0JehylgoiP8L4Gh / 4uSN8Y3kgFNVULUWsZEAVW / 50co4Is1HCEo8bhOyUWKpn
2026-09-27T08:25:10Z,1m0qZIhHH1v0gKogp6l34W,How We Roll,Ciara / Chris Brown,CiCi,199512,https://i.scdn.co/image/ab67616d00001e025100449968bf0f0b8ad31db0,2NdeV5rLm47xAvogXrYhJX / 7bXgB6jMjp9ATFy66eO08Z
2026-09-27T08:28:25Z,5ZSl6gDoV6bPPxzmLeneV9,Rise,Jonas Blue / Jack & Jack,Blue,194407,https://i.scdn.co/image/ab67616d00001e025b6bcc59c3562a6f362344c6,1HBjj22wzbscIZ9sEb5dyf / 1INuLZXjjVbcJRyWvD1iSq
2026-09-27T08:32:07Z,426oxIBETcsbsnYEjVPD2M,Being Alive,Hardwell / JGUAR,Hardwell presents Revealed Vol. 10,221250,https://i.scdn.co/image/ab67616d00001e020050ab54bd0edc5b54e31029,6BrvowZBreEkXzJQMpL174 / 2EIrliVU8gaMt0miwu4ITc
2026-09-27T08:37:41Z,22L7bfCiAkJo5xGSQgmiIO,All Of The Lights,Kanye West,My Beautiful Dark Twisted Fantasy,299613,https://i.scdn.co/image/ab67616d00001e02d9194aa18fa4c9362b47464f,5K4W6rqBFWDnAN6FQUkS6x
2026-09-27T08:39:46Z,0826ALNsO66vtU21l2Rqes,UnLonely,J. Valentine / Chris Brown,UnLonely,124715,https://i.scdn.co/image/ab67616d00001e021f5aec52490690295878b5d4,0YG3fiiee6tHuimu1klAMg / 7bXgB6jMjp9ATFy66eO08Z
2026-09-27T08:42:06Z,75uQYLk1MBGcWjNpPR0AVf,Uptown Funk,Fleur East,"Love, Sax and Flashbacks (Deluxe)",139661,https://i.scdn.co/image/ab67616d00001e023a223310af5865adcf7ac4d4,37mtx80nMDETlbsq2eFCzc
2026-09-27T08:45:07Z,7cbbCK5jdvsIyCh2EvT8zR,Sleepless Nights,Armin van Buuren / Martin Garrix / Libby Whitehouse,Sleepless Nights,180422,https://i.scdn.co/image/ab67616d00001e025be3861b4c8c964724bd9f4f,0SfsnGyD8FpIN4U4WCkBZ5 / 60d24wfXkVzDSfLS6hyCjZ / 0myPBTBG3ODlKVBEf5OSBe
2026-09-27T08:48:03Z,0ixRUk4zdEQ79TWoN4AEnz,Options,Loren Gray,Options / Lie Like That,175347,https://i.scdn.co/image/ab67616d00001e02d8e1daee9b2b11ea32172fce,3MbrazQE12UdSdFunXcft1
2026-09-27T08:52:15Z,02ACX88wFNYy3CAcE3GgTh,Afterglow,Timmy Trumpet / Zen/it / ANYLIA,Afterglow,154089,https://i.scdn.co/image/ab67616d00001e028846af6f82dca25171546077,0CbeG1224FS58EUx4tPevZ / 5HirplYzqe2d6nvqIskR82 / 5vmyToEQFm8oFq7IurCMNX
2026-09-27T09:09:00Z,1tonXoW6dcb7GGNpec3PTl,WE GO UP,BABYMONSTER,WE GO UP,186973,https://i.scdn.co/image/ab67616d00001e02b6142a9ef905e07aafac1c6e,1SIocsqdEefUTE6XKGUiVS
2026-09-27T09:24:47Z,491ca80N1C63tpoLvAsLKb,PSYCHO,BABYMONSTER,WE GO UP,195409,https://i.scdn.co/image/ab67616d00001e02b6142a9ef905e07aafac1c6e,1SIocsqdEefUTE6XKGUiVS
2026-09-27T09:28:32Z,41Fflg7qHiVOD6dEPvsCzO,Worth It (feat. Kid Ink),Fifth Harmony / Kid Ink,Reflection (Deluxe),224573,https://i.scdn.co/image/ab67616d00001e0242d324c29b1f8d408c08f86b,1l8Fu6IkuTP0U5QetQJ5Xt / 6KZDXtSj0SzGOV705nNeh3
2026-09-27T09:31:34Z,1MUZitHRpmng5NevrvNx4T,DRIP,BABYMONSTER,DRIP,180845,https://i.scdn.co/image/ab67616d00001e022c1cfac545157794ca081f33,1SIocsqdEefUTE6XKGUiVS
2026-09-27T09:34:23Z,4hCKVecuybp8IrwRfN8fr1,CLIK CLAK,BABYMONSTER,DRIP,169073,https://i.scdn.co/image/ab67616d00001e022c1cfac545157794ca081f33,1SIocsqdEefUTE6XKGUiVS
2026-09-27T09:37:16Z,6hp4n7Bwt8TCpm9hImFLLX,SUPA DUPA LUV,BABYMONSTER,WE GO UP,172573,https://i.scdn.co/image/ab67616d00001e02b6142a9ef905e07aafac1c6e,1SIocsqdEefUTE6XKGUiVS
2026-09-27T09:40:02Z,6CPY1pLsq73HJMveIMI8XS,MOON,BABYMONSTER,CHOOM,166040,https://i.scdn.co/image/ab67616d00001e0274421085d8f38435d4d87d2f,1SIocsqdEefUTE6XKGUiVS
2026-09-27T09:43:29Z,0PVC2O65Ux1aQ2PyIgeDAP,I LIKE IT,BABYMONSTER,CHOOM,206586,https://i.scdn.co/image/ab67616d00001e0274421085d8f38435d4d87d2f,1SIocsqdEefUTE6XKGUiVS
2026-09-27T09:46:31Z,3Kr3znUOSD3dCxmskMYtmO,LOCKED IN,BABYMONSTER,CHOOM,181813,https://i.scdn.co/image/ab67616d00001e0274421085d8f38435d4d87d2f,1SIocsqdEefUTE6XKGUiVS
2026-09-27T09:49:39Z,3VBj0lzjmhTzVFPEDOjNCG,BATTER UP,BABYMONSTER,BATTER UP,188179,https://i.scdn.co/image/ab67616d00001e0224e7d3f6bcc7f5594638a4f0,1SIocsqdEefUTE6XKGUiVS
2026-09-27T10:00:33Z,2TiUXN4e6bMFmnTCSnMukZ,What They Say,Zara Larsson,So Good (Japan Special Edition),218946,https://i.scdn.co/image/ab67616d00001e028cc1a95fa8713722ae72c2f2,1Xylc3o4UrD53lo9CvFvVg
2026-09-27T10:37:45Z,4SpQDJz1JiRT2mHxvyqN9K,%%(Eung Eung),Apink,PERCENT,208104,https://i.scdn.co/image/ab67616d00001e0233ba381e09736459efed6333,2uWcrwgWmZcQc3IPBs3tfU
2026-09-27T23:03:18Z,4SpQDJz1JiRT2mHxvyqN9K,%%(Eung Eung),Apink,PERCENT,208104,https://i.scdn.co/image/ab67616d00001e0233ba381e09736459efed6333,2uWcrwgWmZcQc3IPBs3tfU
2026-09-27T23:15:20Z,1UqabKAZFjV7lxtQQwLnni,PARTY,Jee Seok Jin / Lee Kwang Soo / Apink,Running Man Fan Meeting : Project Running 9,186541,https://i.scdn.co/image/ab67616d00001e02b8c454e1e6258c7a7d3b9eca,4T36HjU3Q1n4ICHyiItUTO / 1oeJ4x2C2le2msAaxKy9en / 2uWcrwgWmZcQc3IPBs3tfU
2026-09-28T14:31:24Z,6CPY1pLsq73HJMveIMI8XS,MOON,BABYMONSTER,CHOOM,166040,https://i.scdn.co/image/ab67616d00001e0274421085d8f38435d4d87d2f,1SIocsqdEefUTE6XKGUiVS
2026-09-28T14:34:48Z,2MQmaHNnCCuisRHu551ZQq,BATTER UP (7 ver.),BABYMONSTER,BABYMONS7ER,188881,https://i.scdn.co/image/ab67616d00001e024f6afc385052250c766a5683,1SIocsqdEefUTE6XKGUiVS
2026-09-28T14:35:56Z,2MQmaHNnCCuisRHu551ZQq,BATTER UP (7 ver.),BABYMONSTER,BABYMONS7ER,188881,https://i.scdn.co/image/ab67616d00001e024f6afc385052250c766a5683,1SIocsqdEefUTE6XKGUiVS
2026-09-28T14:40:03Z,3RbulqgQKpX4OvvESysMI1,Stuck In The Middle (7 ver.),BABYMONSTER,BABYMONS7ER,246668,https://i.scdn.co/image/ab67616d00001e024f6afc385052250c766a5683,1SIocsqdEefUTE6XKGUiVS
2026-09-28T15:40:41Z,0A9s1ZDOZsYsbfkRk6q2cr,Love In My Heart,BABYMONSTER,DRIP,192186,https://i.scdn.co/image/ab67616d00001e022c1cfac545157794ca081f33,1SIocsqdEefUTE6XKGUiVS
2026-09-28T15:41:25Z,2TDIYXFSaesHBw3ZtWpFev,MONSTERS (Intro),BABYMONSTER,BABYMONS7ER,44495,https://i.scdn.co/image/ab67616d00001e024f6afc385052250c766a5683,1SIocsqdEefUTE6XKGUiVS
2026-09-28T15:44:54Z,1tonXoW6dcb7GGNpec3PTl,WE GO UP,BABYMONSTER,WE GO UP,186973,https://i.scdn.co/image/ab67616d00001e02b6142a9ef905e07aafac1c6e,1SIocsqdEefUTE6XKGUiVS
2026-09-28T15:48:50Z,7GDgpad2BQVuDUzaxHFakc,LIKE THAT,BABYMONSTER,BABYMONS7ER,168358,https://i.scdn.co/image/ab67616d00001e024f6afc385052250c766a5683,1SIocsqdEefUTE6XKGUiVS
2026-09-28T15:52:27Z,6CPY1pLsq73HJMveIMI8XS,MOON,BABYMONSTER,CHOOM,166040,https://i.scdn.co/image/ab67616d00001e0274421085d8f38435d4d87d2f,1SIocsqdEefUTE6XKGUiVS
2026-09-28T15:55:26Z,6gunPOwkADFspLkQtmVuZT,CHOOM,BABYMONSTER,CHOOM,178880,https://i.scdn.co/image/ab67616d00001e0274421085d8f38435d4d87d2f,1SIocsqdEefUTE6XKGUiVS
