played_at,track_id,track,artists,album,duration_ms
2026-09-27T05:19:39Z,58w5J5yNWeGZ7a4cM1rO7Y,Swalla (feat. Nicki Minaj & Ty Dolla $ign),Jason Derulo / Nicki Minaj / Ty Dolla $ign,Nu King,216408
2026-09-27T05:23:48Z,4qULqxfCRhJAXVc75UupQB,No Broken Hearts (feat. Nicki Minaj),Bebe Rexha / Nicki Minaj,No Broken Hearts (feat. Nicki Minaj),239991
2026-09-27T05:26:29Z,2TJ5ei0GrErhEdAwWITbgd,Out of My Mind (feat. Nicki Minaj),B.o.B / Nicki Minaj,Strange Clouds,222960
2026-09-27T06:23:43Z,2TJ5ei0GrErhEdAwWITbgd,Out of My Mind (feat. Nicki Minaj),B.o.B / Nicki Minaj,Strange Clouds,222960
2026-09-27T06:25:54Z,5CCr8msaN3MhgqBoa9yWhH,Boy's a liar Pt. 2,PinkPantheress / Ice Spice,Heaven knows,131013
2026-09-27T06:29:43Z,6QFCMUUq1T2Vf5sFUXcuQ7,Beauty And A Beat,Justin Bieber / Nicki Minaj,Believe,227986
2026-09-27T06:33:18Z,67NbegQzVSnoa9wYgknJ51,Break Free,Ariana Grande / Zedd,My Everything,214840
2026-09-27T06:36:33Z,3YC7VDvG4rwd5NDHzFG6Ig,Where Them Girls At (feat. Nicki Minaj & Flo Rida),David Guetta / Flo Rida / Nicki Minaj,Nothing but the Beat Ultimate,194840
2026-09-27T06:41:13Z,6Poyf51k7W3NKnsGwAI90B,Barbie Dreams,Nicki Minaj,Queen,279866
2026-09-27T06:44:25Z,2uTU9SecXbXbFLGtqKLCs6,Like A Star (feat. Nicki Minaj),Fetty Wap / Nicki Minaj,Like A Star (feat. Nicki Minaj),191143
2026-09-27T06:47:37Z,3PFGcoRq3VO4r9Ylm8oHNp,Drop It Low,Ester Dean / Chris Brown,Twerk,191826
2026-09-27T06:51:52Z,5I30ByMf5nhgbSokY1EZiN,Anybody (feat. Nicki Minaj),Young Thug / Nicki Minaj,Hear No Evil,254946
2026-09-27T06:55:29Z,41bmnQZoDMQdDh5zyomtW7,Endless Fashion (feat. Nicki Minaj),Lil Uzi Vert / Nicki Minaj,Pink Tape,216703
2026-09-27T06:59:38Z,1lEIT08AUU67qef6MkKAKx,Obsessed (feat. Mariah Carey),Gucci Mane / Mariah Carey,The Gooch,248555
2026-09-27T07:03:30Z,5tqyZmF6uEoTkD6ja7KZjv,Wop (Official Version),J. Dash,Tabloid Truth,231714
2026-09-27T07:07:01Z,4AiGz7pTyLXBHjniRuioaw,Starships,Nicki Minaj,Pink Friday: Roman Reloaded The Re-Up,210626
2026-09-27T07:10:36Z,6epn3r7S14KUqlReYr77hA,Baby,Justin Bieber / Ludacris,My World 2.0,214240
2026-09-27T07:15:08Z,60wwxj6Dd9NJlirf84wr2c,Clarity,Zedd / Foxes,Clarity,271426
2026-09-27T07:18:28Z,147cPSrfbVwgqnByGQTv4N,Turn Me On (feat. Nicki Minaj),David Guetta / Nicki Minaj,Nothing but the Beat Ultimate,199680
2026-09-27T07:21:40Z,4fINc8dnfcz7AdhFYVA4i7,It Girl,Jason Derulo,Future History (Deluxe Edition),192200
2026-09-27T07:25:03Z,3xIzkKqp7oe37NEVrcPjGS,TROLLZ,6ix9ine / Nicki Minaj,TattleTales,202666
2026-09-27T07:29:05Z,0tb8Qcd3O151anQyXzPOOU,Alone (with Nicki Minaj) - Extended,Kim Petras / Nicki Minaj,Alone,241458
2026-09-27T07:32:17Z,1e4rwBPVI32vZtTJu7mJ4J,Chun-Li,Nicki Minaj,Queen,191600
2026-09-27T07:36:27Z,1IAzD1muglOxOcPbUHs70R,Whatever You Like,T.I.,Paper Trail,249533
2026-09-27T07:40:36Z,4q57oGT90FfPHf7vWp32Ho,Judas,Lady Gaga,Born This Way (Japan Special Edition Version),249066
2026-09-27T07:44:44Z,57kR5SniQIbsbVoIjjOUDa,You Know You Like It,DJ Snake / AlunaGeorge,You Know You Like It,247266
2026-09-27T07:59:35Z,6pISryCxMLYvUhXdntY9yW,"Low (feat. Nicki Minaj, Lil Bibby & Young Thug)",Juicy J / Nicki Minaj / Lil Bibby / Young Thug,"Low (feat. Nicki Minaj, Lil Bibby & Young Thug)",238600
2026-09-27T08:25:10Z,1m0qZIhHH1v0gKogp6l34W,How We Roll,Ciara / Chris Brown,CiCi,199512
2026-09-27T08:28:25Z,5ZSl6gDoV6bPPxzmLeneV9,Rise,Jonas Blue / Jack & Jack,Blue,194407
2026-09-27T08:32:07Z,426oxIBETcsbsnYEjVPD2M,Being Alive,Hardwell / JGUAR,Hardwell presents Revealed Vol. 10,221250
2026-09-27T08:37:41Z,22L7bfCiAkJo5xGSQgmiIO,All Of The Lights,Kanye West,My Beautiful Dark Twisted Fantasy,299613
2026-09-27T08:39:46Z,0826ALNsO66vtU21l2Rqes,UnLonely,J. Valentine / Chris Brown,UnLonely,124715
2026-09-27T08:42:06Z,75uQYLk1MBGcWjNpPR0AVf,Uptown Funk,Fleur East,"Love, Sax and Flashbacks (Deluxe)",139661
2026-09-27T08:45:07Z,7cbbCK5jdvsIyCh2EvT8zR,Sleepless Nights,Armin van Buuren / Martin Garrix / Libby Whitehouse,Sleepless Nights,180422
2026-09-27T08:48:03Z,0ixRUk4zdEQ79TWoN4AEnz,Options,Loren Gray,Options / Lie Like That,175347
2026-09-27T08:52:15Z,02ACX88wFNYy3CAcE3GgTh,Afterglow,Timmy Trumpet / Zen/it / ANYLIA,Afterglow,154089
2026-09-27T09:09:00Z,1tonXoW6dcb7GGNpec3PTl,WE GO UP,BABYMONSTER,WE GO UP,186973
2026-09-27T09:24:47Z,491ca80N1C63tpoLvAsLKb,PSYCHO,BABYMONSTER,WE GO UP,195409
2026-09-27T09:28:32Z,41Fflg7qHiVOD6dEPvsCzO,Worth It (feat. Kid Ink),Fifth Harmony / Kid Ink,Reflection (Deluxe),224573
2026-09-27T09:31:34Z,1MUZitHRpmng5NevrvNx4T,DRIP,BABYMONSTER,DRIP,180845
2026-09-27T09:34:23Z,4hCKVecuybp8IrwRfN8fr1,CLIK CLAK,BABYMONSTER,DRIP,169073
2026-09-27T09:37:16Z,6hp4n7Bwt8TCpm9hImFLLX,SUPA DUPA LUV,BABYMONSTER,WE GO UP,172573
2026-09-27T09:40:02Z,6CPY1pLsq73HJMveIMI8XS,MOON,BABYMONSTER,CHOOM,166040
2026-09-27T09:43:29Z,0PVC2O65Ux1aQ2PyIgeDAP,I LIKE IT,BABYMONSTER,CHOOM,206586
2026-09-27T09:46:31Z,3Kr3znUOSD3dCxmskMYtmO,LOCKED IN,BABYMONSTER,CHOOM,181813
2026-09-27T09:49:39Z,3VBj0lzjmhTzVFPEDOjNCG,BATTER UP,BABYMONSTER,BATTER UP,188179
2026-09-27T10:00:33Z,2TiUXN4e6bMFmnTCSnMukZ,What They Say,Zara Larsson,So Good (Japan Special Edition),218946
2026-09-27T10:37:45Z,4SpQDJz1JiRT2mHxvyqN9K,%%(Eung Eung),Apink,PERCENT,208104
2026-09-27T23:03:18Z,4SpQDJz1JiRT2mHxvyqN9K,%%(Eung Eung),Apink,PERCENT,208104
2026-09-27T23:15:20Z,1UqabKAZFjV7lxtQQwLnni,PARTY,Jee Seok Jin / Lee Kwang Soo / Apink,Running Man Fan Meeting : Project Running 9,186541
